"payment_id","order_id","amount","payment_method","payment_status","payment_date"
"1","1","24.31","UPI","SUCCESS","2023-01-24 00:00:00"
"2","2","85.30","RAZOR_PAY","UNKNOWN_ERROR","2023-09-30 00:00:00"
"3","2","85.30","RAZOR_PAY","SUCCESS","2023-09-30 00:00:00"
"4","3","46.87","UPI","SUCCESS","2024-10-31 00:00:00"
"5","4","52.49","UPI","SUCCESS","2024-10-31 00:00:00"
"6","5","94.36","UPI","SUCCESS","2023-03-17 00:00:00"
"7","7","102.55","UPI","SUCCESS","2024-03-08 00:00:00"
"8","8","88.79","UPI","SUCCESS","2024-10-31 00:00:00"
"9","9","47.69","UPI","NETWORK_ERROR","2023-04-08 00:00:00"
"10","9","47.69","UPI","SUCCESS","2023-04-08 00:00:00"
"11","10","117.35","UPI","SUCCESS","2024-10-31 00:00:00"
"12","11","89.87","PAYU","SUCCESS","2024-10-31 00:00:00"
"13","12","131.95","UPI","SUCCESS","2024-10-31 00:00:00"
"14","13","174.58","UPI","PIN_ERROR","2024-01-14 00:00:00"
"15","13","174.58","UPI","SUCCESS","2024-01-14 00:00:00"
"16","14","76.30","PAYTM","SUCCESS","2022-06-30 00:00:00"
"17","15","110.32","UPI","SUCCESS","2024-10-31 00:00:00"
"18","16","95.18","UPI","PIN_ERROR","2024-10-31 00:00:00"
"19","16","95.18","UPI","SUCCESS","2024-10-31 00:00:00"
"20","18","76.16","UPI","SUCCESS","2024-10-31 00:00:00"
"21","19","48.19","UPI","NETWORK_ERROR","2024-01-01 00:00:00"
"22","19","48.19","UPI","SUCCESS","2024-01-01 00:00:00"
"23","20","93.01","UPI","SUCCESS","2024-10-31 00:00:00"
"24","22","73.83","UPI","INSUFFICIENT_FUNDS","2023-10-26 00:00:00"
"25","22","73.83","UPI","SUCCESS","2023-10-26 00:00:00"
"26","23","15.42","RAZOR_PAY","UNKNOWN_ERROR","2023-04-16 00:00:00"
"27","23","15.42","RAZOR_PAY","SUCCESS","2023-04-16 00:00:00"
"28","24","82.23","CRED","SUCCESS","2024-10-31 00:00:00"
"29","25","17.34","UPI","SUCCESS","2019-02-01 00:00:00"
"30","26","71.92","UPI","SUCCESS","2024-10-31 00:00:00"
"31","27","70.76","UPI","SUCCESS","2024-10-31 00:00:00"
"32","28","39.41","UPI","SUCCESS","2024-10-31 00:00:00"
"33","29","76.44","UPI","SUCCESS","2024-10-31 00:00:00"
"34","30","301.74","UPI","SUCCESS","2021-12-04 00:00:00"
"35","31","6.82","UPI","INSUFFICIENT_FUNDS","2024-10-31 00:00:00"
"36","31","6.82","UPI","SUCCESS","2024-10-31 00:00:00"
"37","32","45.28","CREDIT_CARD","SUCCESS","2024-10-31 00:00:00"
"38","34","143.29","UPI","SUCCESS","2024-10-31 00:00:00"
"39","35","52.59","UPI","SUCCESS","2024-10-31 00:00:00"
"40","36","89.49","GOOGLE_PAY","SUCCESS","2024-10-31 00:00:00"
"41","39","42.96","CRED","SUCCESS","2023-03-09 00:00:00"
"42","42","44.64","UPI","SUCCESS","2024-10-31 00:00:00"
"43","43","154.86","UPI","NETWORK_ERROR","2022-07-12 00:00:00"
"44","43","154.86","UPI","SUCCESS","2022-07-12 00:00:00"
"45","44","123.83","CRED","SUCCESS","2024-10-31 00:00:00"
"46","45","69.28","UPI","EXPIRED_REQUEST","2021-06-20 00:00:00"
"47","45","69.28","UPI","SUCCESS","2021-06-20 00:00:00"
"48","46","221.66","UPI","INSUFFICIENT_FUNDS","2024-10-31 00:00:00"
"49","46","221.66","UPI","SUCCESS","2024-10-31 00:00:00"
"50","48","14.99","CREDIT_CARD","SUCCESS","2024-09-11 00:00:00"
"51","49","49.46","UPI","SUCCESS","2024-10-31 00:00:00"
"52","50","24.99","UPI","SUCCESS","2024-02-09 00:00:00"
"53","51","82.67","DEBIT_CARD","SUCCESS","2024-10-31 00:00:00"
"54","52","38.83","DEBIT_CARD","SUCCESS","2023-12-20 00:00:00"
"55","53","126.29","UPI","SUCCESS","2024-10-31 00:00:00"
"56","54","74.85","GOOGLE_PAY","PIN_ERROR","2023-01-05 00:00:00"
"57","54","74.85","GOOGLE_PAY","SUCCESS","2023-01-05 00:00:00"
"58","55","72.69","CRED","SUCCESS","2019-02-04 00:00:00"
"59","56","15.00","UPI","SUCCESS","2024-10-31 00:00:00"
"60","57","82.19","UPI","SUCCESS","2024-10-31 00:00:00"
"61","58","28.78","GOOGLE_PAY","SUCCESS","2021-01-24 00:00:00"
"62","59","139.03","PAYTM","SUCCESS","2024-01-08 00:00:00"
"63","60","5.64","RAZOR_PAY","UNKNOWN_ERROR","2017-10-18 00:00:00"
"64","60","5.64","RAZOR_PAY","SUCCESS","2017-10-18 00:00:00"
"65","61","78.60","UPI","SUCCESS","2020-03-31 00:00:00"
"66","64","65.42","UPI","INSUFFICIENT_FUNDS","2021-09-18 00:00:00"
"67","64","65.42","UPI","SUCCESS","2021-09-18 00:00:00"
"68","65","95.38","UPI","SUCCESS","2023-02-16 00:00:00"
"69","66","37.39","UPI","SUCCESS","2019-02-20 00:00:00"
"70","68","129.19","UPI","SUCCESS","2018-09-21 00:00:00"
"71","69","9.54","DEBIT_CARD","SUCCESS","2021-02-26 00:00:00"
"72","71","68.83","CRED","SUCCESS","2020-09-22 00:00:00"
"73","72","104.22","RAZOR_PAY","SUCCESS","2024-09-17 00:00:00"
"74","73","13.58","GOOGLE_PAY","NETWORK_ERROR","2024-10-31 00:00:00"
"75","73","13.58","GOOGLE_PAY","SUCCESS","2024-10-31 00:00:00"
"76","74","52.71","UPI","NETWORK_ERROR","2024-08-04 00:00:00"
"77","74","52.71","UPI","SUCCESS","2024-08-04 00:00:00"
"78","75","137.73","UPI","SUCCESS","2024-10-31 00:00:00"
"79","76","240.19","GOOGLE_PAY","PIN_ERROR","2024-10-31 00:00:00"
"80","76","240.19","GOOGLE_PAY","SUCCESS","2024-10-31 00:00:00"
"81","78","86.64","UPI","SUCCESS","2023-12-09 00:00:00"
"82","79","32.16","UPI","SUCCESS","2024-10-31 00:00:00"
"83","80","52.36","UPI","PIN_ERROR","2021-07-27 00:00:00"
"84","80","52.36","UPI","SUCCESS","2021-07-27 00:00:00"
"85","81","11.48","DEBIT_CARD","CARD_DECLINED","2021-01-13 00:00:00"
"86","81","11.48","DEBIT_CARD","SUCCESS","2021-01-13 00:00:00"
"87","82","40.15","UPI","SUCCESS","2023-05-08 00:00:00"
"88","83","43.19","GOOGLE_PAY","SUCCESS","2024-10-31 00:00:00"
"89","84","67.17","UPI","SUCCESS","2024-10-31 00:00:00"
"90","85","33.41","UPI","SUCCESS","2023-02-19 00:00:00"
"91","86","69.17","CRED","AUTHENTICATION_FAILED","2021-12-31 00:00:00"
"92","86","69.17","CRED","SUCCESS","2021-12-31 00:00:00"
"93","87","58.89","PAYTM","SUCCESS","2023-11-22 00:00:00"
"94","88","11.86","UPI","SUCCESS","2024-10-31 00:00:00"
"95","89","39.83","UPI","SUCCESS","2024-03-08 00:00:00"
"96","90","87.39","UPI","SUCCESS","2023-10-30 00:00:00"
"97","91","9.29","UPI","SUCCESS","2024-10-31 00:00:00"
"98","92","50.26","PAYTM","SUCCESS","2024-10-31 00:00:00"
"99","93","51.22","CRED","SUCCESS","2024-10-31 00:00:00"
"100","94","89.44","UPI","SUCCESS","2024-04-09 00:00:00"
"101","97","62.87","DEBIT_CARD","SUCCESS","2023-12-21 00:00:00"
"102","101","193.40","UPI","SUCCESS","2023-06-02 00:00:00"
"103","102","41.32","GOOGLE_PAY","SUCCESS","2022-08-09 00:00:00"
"104","103","61.91","UPI","SUCCESS","2024-10-31 00:00:00"
"105","104","126.49","UPI","SUCCESS","2022-01-16 00:00:00"
"106","105","96.00","PAYTM","AUTHENTICATION_FAILED","2024-10-31 00:00:00"
"107","105","96.00","PAYTM","SUCCESS","2024-10-31 00:00:00"
"108","106","79.21","UPI","SUCCESS","2022-03-01 00:00:00"
"109","107","118.22","UPI","SUCCESS","2024-10-31 00:00:00"
"110","108","98.01","UPI","SUCCESS","2022-11-30 00:00:00"
"111","109","56.56","UPI","SUCCESS","2022-06-17 00:00:00"
"112","111","189.40","UPI","SUCCESS","2022-06-01 00:00:00"
"113","112","230.59","UPI","SUCCESS","2024-10-31 00:00:00"
"114","113","35.89","GOOGLE_PAY","SUCCESS","2024-03-01 00:00:00"
"115","114","55.52","UPI","SUCCESS","2020-06-19 00:00:00"
"116","115","108.68","UPI","INSUFFICIENT_FUNDS","2024-10-31 00:00:00"
"117","115","108.68","UPI","SUCCESS","2024-10-31 00:00:00"
"118","116","49.29","GOOGLE_PAY","SUCCESS","2024-06-15 00:00:00"
"119","117","14.44","GOOGLE_PAY","SUCCESS","2024-02-23 00:00:00"
"120","118","69.71","UPI","SUCCESS","2024-10-31 00:00:00"
"121","119","176.05","UPI","SUCCESS","2022-01-30 00:00:00"
"122","120","39.23","UPI","INSUFFICIENT_FUNDS","2021-03-11 00:00:00"
"123","120","39.23","UPI","SUCCESS","2021-03-11 00:00:00"
"124","122","112.23","UPI","SUCCESS","2023-05-08 00:00:00"
"125","123","209.83","CRED","SUCCESS","2018-09-13 00:00:00"
"126","125","156.60","DEBIT_CARD","SUCCESS","2021-06-09 00:00:00"
"127","126","7.63","UPI","SUCCESS","2018-11-21 00:00:00"
"128","127","15.83","DEBIT_CARD","SUCCESS","2020-04-11 00:00:00"
"129","128","73.19","RAZOR_PAY","SUCCESS","2020-04-04 00:00:00"
"130","130","64.64","GOOGLE_PAY","SUCCESS","2023-10-22 00:00:00"
"131","131","78.27","APPLE_PAY","SUCCESS","2021-07-03 00:00:00"
"132","132","126.24","GOOGLE_PAY","PIN_ERROR","2024-10-31 00:00:00"
"133","132","126.24","GOOGLE_PAY","SUCCESS","2024-10-31 00:00:00"
"134","133","44.33","DEBIT_CARD","SUCCESS","2017-12-26 00:00:00"
"135","134","91.20","CREDIT_CARD","INSUFFICIENT_FUNDS","2020-07-27 00:00:00"
"136","134","91.20","CREDIT_CARD","SUCCESS","2020-07-27 00:00:00"
"137","135","21.70","APPLE_PAY","SUCCESS","2017-08-27 00:00:00"
"138","136","81.73","PAYPAL","SUCCESS","2022-01-28 00:00:00"
"139","137","85.73","PAYPAL","SUCCESS","2024-10-31 00:00:00"
"140","138","31.71","DEBIT_CARD","SUCCESS","2022-05-22 00:00:00"
"141","139","85.05","RAZOR_PAY","SUCCESS","2017-01-25 00:00:00"
"142","140","55.98","DEBIT_CARD","SUCCESS","2021-09-03 00:00:00"
"143","141","65.19","RAZOR_PAY","SUCCESS","2024-10-31 00:00:00"
"144","142","100.20","UPI","SUCCESS","2024-09-05 00:00:00"
"145","144","14.97","UPI","SUCCESS","2024-07-30 00:00:00"
"146","146","47.30","GOOGLE_PAY","SUCCESS","2024-02-15 00:00:00"
"147","148","35.29","UPI","EXPIRED_REQUEST","2024-10-31 00:00:00"
"148","148","35.29","UPI","SUCCESS","2024-10-31 00:00:00"
"149","150","64.82","PAYTM","AUTHENTICATION_FAILED","2024-10-31 00:00:00"
"150","150","64.82","PAYTM","SUCCESS","2024-10-31 00:00:00"
"151","151","127.98","UPI","SUCCESS","2024-10-31 00:00:00"
"152","152","81.68","UPI","SUCCESS","2024-05-18 00:00:00"
"153","154","176.88","UPI","SUCCESS","2020-10-23 00:00:00"
"154","159","86.49","GOOGLE_PAY","SUCCESS","2021-12-26 00:00:00"
"155","160","4.61","UPI","SUCCESS","2024-02-19 00:00:00"
"156","162","136.84","GOOGLE_PAY","NETWORK_ERROR","2020-03-21 00:00:00"
"157","162","136.84","GOOGLE_PAY","SUCCESS","2020-03-21 00:00:00"
"158","166","43.66","CRED","SUCCESS","2024-10-31 00:00:00"
"159","168","16.21","GOOGLE_PAY","SUCCESS","2020-11-12 00:00:00"
"160","169","50.15","UPI","SUCCESS","2022-08-02 00:00:00"
"161","170","46.23","UPI","SUCCESS","2024-10-31 00:00:00"
"162","171","134.53","UPI","SUCCESS","2021-11-29 00:00:00"
"163","172","95.16","UPI","SUCCESS","2023-10-22 00:00:00"
"164","173","91.45","UPI","SUCCESS","2020-12-05 00:00:00"
"165","175","25.99","UPI","SUCCESS","2024-10-31 00:00:00"
"166","176","43.23","CREDIT_CARD","CARD_BLOCKED","2024-10-31 00:00:00"
"167","176","43.23","CREDIT_CARD","SUCCESS","2024-10-31 00:00:00"
"168","177","5.66","PAYTM","SUCCESS","2024-10-31 00:00:00"
"169","178","116.20","UPI","SUCCESS","2024-10-31 00:00:00"
"170","179","62.10","UPI","SUCCESS","2024-10-31 00:00:00"
"171","180","127.28","UPI","SUCCESS","2024-10-31 00:00:00"
"172","182","75.38","UPI","SUCCESS","2024-10-31 00:00:00"
"173","184","9.15","UPI","SUCCESS","2024-10-31 00:00:00"
"174","185","70.48","UPI","SUCCESS","2022-03-25 00:00:00"
"175","186","41.77","UPI","SUCCESS","2021-11-12 00:00:00"
"176","187","68.42","UPI","SUCCESS","2023-08-03 00:00:00"
"177","188","140.83","CRED","SUCCESS","2021-10-24 00:00:00"
"178","189","57.21","UPI","SUCCESS","2024-10-31 00:00:00"
"179","190","231.50","UPI","PIN_ERROR","2024-10-31 00:00:00"
"180","190","231.50","UPI","SUCCESS","2024-10-31 00:00:00"
"181","191","7.65","CRED","SUCCESS","2024-10-12 00:00:00"
"182","192","46.01","CRED","SUCCESS","2024-10-31 00:00:00"
"183","193","17.81","GOOGLE_PAY","SUCCESS","2024-10-31 00:00:00"
"184","194","43.41","UPI","PIN_ERROR","2022-02-08 00:00:00"
"185","194","43.41","UPI","SUCCESS","2022-02-08 00:00:00"
"186","196","12.58","UPI","SUCCESS","2023-05-17 00:00:00"
"187","197","183.19","UPI","SUCCESS","2021-11-18 00:00:00"
"188","198","22.39","UPI","SUCCESS","2024-10-31 00:00:00"
"189","199","3.78","UPI","SUCCESS","2019-01-03 00:00:00"
"190","200","21.68","UPI","SUCCESS","2024-10-31 00:00:00"
"191","202","16.54","RAZOR_PAY","SUCCESS","2023-08-07 00:00:00"
"192","203","21.79","PAYU","SUCCESS","2024-10-31 00:00:00"
"193","204","106.03","DEBIT_CARD","SUCCESS","2024-10-31 00:00:00"
"194","206","111.74","RAZOR_PAY","SUCCESS","2024-10-31 00:00:00"
"195","207","172.06","UPI","SUCCESS","2024-10-31 00:00:00"
"196","208","74.94","UPI","INSUFFICIENT_FUNDS","2024-10-31 00:00:00"
"197","208","74.94","UPI","SUCCESS","2024-10-31 00:00:00"
"198","209","218.35","GOOGLE_PAY","SUCCESS","2024-10-31 00:00:00"
"199","210","12.97","UPI","SUCCESS","2024-10-31 00:00:00"
"200","211","201.25","UPI","SUCCESS","2024-10-31 00:00:00"
"201","212","25.59","DEBIT_CARD","SUCCESS","2024-10-31 00:00:00"
"202","213","155.45","GOOGLE_PAY","SUCCESS","2024-10-31 00:00:00"
"203","214","22.04","GOOGLE_PAY","SUCCESS","2024-10-31 00:00:00"
"204","215","202.70","CRED","WALLET_LIMIT_REACHED","2024-10-31 00:00:00"
"205","215","202.70","CRED","SUCCESS","2024-10-31 00:00:00"
"206","216","83.43","UPI","NETWORK_ERROR","2023-12-20 00:00:00"
"207","216","83.43","UPI","SUCCESS","2023-12-20 00:00:00"
"208","219","106.88","GOOGLE_PAY","SUCCESS","2019-08-29 00:00:00"
"209","220","80.31","UPI","SUCCESS","2019-01-01 00:00:00"
"210","221","52.27","UPI","PIN_ERROR","2018-09-23 00:00:00"
"211","221","52.27","UPI","SUCCESS","2018-09-23 00:00:00"
"212","222","107.18","UPI","NETWORK_ERROR","2020-07-18 00:00:00"
"213","222","107.18","UPI","SUCCESS","2020-07-18 00:00:00"
"214","223","22.68","UPI","NETWORK_ERROR","2018-05-20 00:00:00"
"215","223","22.68","UPI","SUCCESS","2018-05-20 00:00:00"
"216","224","29.14","CRED","SUCCESS","2023-12-31 00:00:00"
"217","225","23.52","CREDIT_CARD","CARD_DECLINED","2019-05-30 00:00:00"
"218","225","23.52","CREDIT_CARD","SUCCESS","2019-05-30 00:00:00"
"219","226","47.99","GOOGLE_PAY","PIN_ERROR","2024-09-11 00:00:00"
"220","226","47.99","GOOGLE_PAY","SUCCESS","2024-09-11 00:00:00"
"221","227","57.03","CRED","NETWORK_ERROR","2024-10-31 00:00:00"
"222","227","57.03","CRED","SUCCESS","2024-10-31 00:00:00"
"223","228","50.18","UPI","SUCCESS","2024-02-08 00:00:00"
"224","229","78.05","UPI","SUCCESS","2024-10-31 00:00:00"
"225","232","71.61","UPI","SUCCESS","2024-07-12 00:00:00"
"226","233","5.76","UPI","SUCCESS","2024-10-31 00:00:00"
"227","234","20.25","UPI","SUCCESS","2024-10-31 00:00:00"
"228","235","74.00","GOOGLE_PAY","SUCCESS","2024-10-31 00:00:00"
"229","236","104.37","GOOGLE_PAY","NETWORK_ERROR","2024-10-31 00:00:00"
"230","236","104.37","GOOGLE_PAY","SUCCESS","2024-10-31 00:00:00"
"231","237","74.36","UPI","EXPIRED_REQUEST","2024-10-31 00:00:00"
"232","237","74.36","UPI","SUCCESS","2024-10-31 00:00:00"
"233","239","93.71","CREDIT_CARD","SUCCESS","2023-10-20 00:00:00"
"234","241","27.26","UPI","SUCCESS","2024-10-31 00:00:00"
"235","242","72.59","GOOGLE_PAY","SUCCESS","2024-10-31 00:00:00"
"236","244","69.99","CRED","SUCCESS","2024-10-31 00:00:00"
"237","246","29.13","UPI","SUCCESS","2024-10-31 00:00:00"
"238","247","10.96","GOOGLE_PAY","SUCCESS","2024-10-31 00:00:00"
"239","248","87.45","CREDIT_CARD","SUCCESS","2024-10-31 00:00:00"
"240","249","12.82","GOOGLE_PAY","SUCCESS","2024-10-31 00:00:00"
"241","251","124.82","DEBIT_CARD","INSUFFICIENT_FUNDS","2020-11-17 00:00:00"
"242","251","124.82","DEBIT_CARD","SUCCESS","2020-11-17 00:00:00"
"243","252","95.77","UPI","SUCCESS","2022-12-14 00:00:00"
"244","253","86.30","CRED","SUCCESS","2022-03-12 00:00:00"
"245","254","86.04","UPI","SUCCESS","2023-11-27 00:00:00"
"246","255","92.62","UPI","SUCCESS","2024-03-20 00:00:00"
"247","256","32.32","UPI","SUCCESS","2019-12-01 00:00:00"
"248","257","64.41","CREDIT_CARD","SUCCESS","2020-01-05 00:00:00"
"249","259","5.72","UPI","SUCCESS","2018-03-24 00:00:00"
"250","260","87.09","UPI","SUCCESS","2022-12-02 00:00:00"
"251","261","44.24","UPI","SUCCESS","2024-10-31 00:00:00"
"252","265","20.40","UPI","SUCCESS","2022-07-18 00:00:00"
"253","266","21.55","UPI","SUCCESS","2023-11-27 00:00:00"
"254","267","23.26","UPI","INSUFFICIENT_FUNDS","2022-03-17 00:00:00"
"255","267","23.26","UPI","SUCCESS","2022-03-17 00:00:00"
"256","268","61.17","UPI","SUCCESS","2023-03-09 00:00:00"
"257","269","23.27","CREDIT_CARD","SUCCESS","2024-10-31 00:00:00"
"258","270","172.98","APPLE_PAY","SUCCESS","2024-10-31 00:00:00"
"259","273","24.20","APPLE_PAY","SUCCESS","2021-06-04 00:00:00"
"260","274","69.96","DEBIT_CARD","SUCCESS","2022-01-27 00:00:00"
"261","275","79.61","GOOGLE_PAY","SUCCESS","2024-10-31 00:00:00"
"262","276","76.07","PAYPAL","ACCOUNT_LOCKED","2024-10-31 00:00:00"
"263","276","76.07","PAYPAL","SUCCESS","2024-10-31 00:00:00"
"264","277","137.34","GOOGLE_PAY","PIN_ERROR","2024-10-31 00:00:00"
"265","277","137.34","GOOGLE_PAY","SUCCESS","2024-10-31 00:00:00"
"266","278","26.34","UPI","SUCCESS","2024-10-31 00:00:00"
"267","279","40.75","UPI","SUCCESS","2024-10-31 00:00:00"
"268","280","24.58","GOOGLE_PAY","SUCCESS","2024-09-08 00:00:00"
"269","281","25.56","CREDIT_CARD","SUCCESS","2018-11-04 00:00:00"
"270","282","88.73","UPI","INSUFFICIENT_FUNDS","2023-10-22 00:00:00"
"271","282","88.73","UPI","SUCCESS","2023-10-22 00:00:00"
"272","284","16.35","UPI","SUCCESS","2024-10-31 00:00:00"
"273","285","64.37","UPI","SUCCESS","2024-10-31 00:00:00"
"274","286","62.92","UPI","SUCCESS","2023-02-05 00:00:00"
"275","287","91.50","GOOGLE_PAY","SUCCESS","2021-02-08 00:00:00"
"276","289","135.53","CRED","SUCCESS","2023-01-24 00:00:00"
"277","292","137.01","UPI","SUCCESS","2021-04-20 00:00:00"
"278","293","71.14","CRED","SUCCESS","2023-12-18 00:00:00"
"279","295","63.79","UPI","SUCCESS","2019-06-27 00:00:00"
"280","297","40.69","UPI","SUCCESS","2023-12-07 00:00:00"
"281","298","208.19","CREDIT_CARD","SUCCESS","2022-03-21 00:00:00"
"282","299","82.23","CRED","SUCCESS","2016-11-15 00:00:00"
"283","301","79.25","UPI","SUCCESS","2016-02-11 00:00:00"
"284","302","169.17","PAYTM","SUCCESS","2023-03-21 00:00:00"
"285","304","71.88","UPI","SUCCESS","2016-07-20 00:00:00"
"286","306","58.29","GOOGLE_PAY","SUCCESS","2016-07-30 00:00:00"
"287","307","59.93","UPI","SUCCESS","2018-06-21 00:00:00"
"288","309","8.97","CRED","SUCCESS","2018-08-21 00:00:00"
"289","310","81.41","UPI","SUCCESS","2023-07-10 00:00:00"
"290","312","77.69","DEBIT_CARD","SUCCESS","2024-01-03 00:00:00"
"291","313","28.78","UPI","NETWORK_ERROR","2024-10-31 00:00:00"
"292","313","28.78","UPI","SUCCESS","2024-10-31 00:00:00"
"293","314","166.98","UPI","SUCCESS","2024-10-31 00:00:00"
"294","315","74.45","UPI","SUCCESS","2024-10-31 00:00:00"
"295","316","82.92","CREDIT_CARD","SUCCESS","2024-10-31 00:00:00"
"296","317","210.97","DEBIT_CARD","SUCCESS","2024-10-31 00:00:00"
"297","318","70.33","UPI","SUCCESS","2024-10-31 00:00:00"
"298","319","75.45","UPI","SUCCESS","2024-10-31 00:00:00"
"299","321","43.68","UPI","SUCCESS","2024-10-31 00:00:00"
"300","322","107.79","UPI","SUCCESS","2024-10-31 00:00:00"
"301","324","88.91","UPI","NETWORK_ERROR","2019-05-07 00:00:00"
"302","324","88.91","UPI","SUCCESS","2019-05-07 00:00:00"
"303","327","160.21","UPI","SUCCESS","2016-06-17 00:00:00"
"304","328","117.85","UPI","SUCCESS","2018-04-09 00:00:00"
"305","330","97.66","DEBIT_CARD","SUCCESS","2021-07-18 00:00:00"
"306","331","71.43","GOOGLE_PAY","SUCCESS","2024-03-16 00:00:00"
"307","332","56.64","DEBIT_CARD","SUCCESS","2016-04-14 00:00:00"
"308","333","83.67","CRED","AUTHENTICATION_FAILED","2016-08-17 00:00:00"
"309","333","83.67","UPI","EXPIRED_REQUEST","2016-08-17 00:00:00"
"310","333","83.67","UPI","SUCCESS","2016-08-17 00:00:00"
"311","334","149.53","CRED","SUCCESS","2019-09-05 00:00:00"
"312","335","52.87","UPI","SUCCESS","2024-08-14 00:00:00"
"313","337","82.26","UPI","SUCCESS","2021-04-25 00:00:00"
"314","338","50.40","UPI","SUCCESS","2022-04-04 00:00:00"
"315","340","39.14","UPI","PIN_ERROR","2016-11-25 00:00:00"
"316","340","39.14","UPI","SUCCESS","2016-11-25 00:00:00"
"317","341","45.39","DEBIT_CARD","SUCCESS","2022-05-03 00:00:00"
"318","342","11.84","PAYTM","WALLET_LIMIT_REACHED","2018-12-06 00:00:00"
"319","342","11.84","PAYTM","SUCCESS","2018-12-06 00:00:00"
"320","343","67.42","GOOGLE_PAY","SUCCESS","2024-10-31 00:00:00"
"321","344","182.12","CREDIT_CARD","SUCCESS","2024-02-21 00:00:00"
"322","345","121.79","APPLE_PAY","SUCCESS","2024-10-31 00:00:00"
"323","347","76.55","GOOGLE_PAY","SUCCESS","2024-10-27 00:00:00"
"324","349","20.33","DEBIT_CARD","CARD_BLOCKED","2024-10-31 00:00:00"
"325","349","20.33","DEBIT_CARD","SUCCESS","2024-10-31 00:00:00"
"326","350","8.04","CREDIT_CARD","SUCCESS","2024-10-31 00:00:00"
"327","351","27.64","APPLE_PAY","SUCCESS","2024-10-31 00:00:00"
"328","352","47.87","PAYPAL","ACCOUNT_LOCKED","2024-10-31 00:00:00"
"329","352","47.87","PAYPAL","SUCCESS","2024-10-31 00:00:00"
"330","353","29.86","DEBIT_CARD","SUCCESS","2024-10-31 00:00:00"
"331","355","29.15","PAYPAL","INSUFFICIENT_FUNDS","2023-05-22 00:00:00"
"332","355","29.15","PAYPAL","SUCCESS","2023-05-22 00:00:00"
"333","356","86.73","CREDIT_CARD","SUCCESS","2024-01-02 00:00:00"
"334","357","28.03","DEBIT_CARD","SUCCESS","2024-10-31 00:00:00"
"335","358","32.07","APPLE_PAY","SUCCESS","2024-10-31 00:00:00"
"336","359","121.94","RAZOR_PAY","SUCCESS","2024-10-31 00:00:00"
"337","362","45.09","PAYPAL","SUCCESS","2024-10-31 00:00:00"
"338","363","61.91","DEBIT_CARD","SUCCESS","2024-10-31 00:00:00"
"339","364","16.94","RAZOR_PAY","SUCCESS","2024-10-31 00:00:00"
"340","366","238.47","UPI","SUCCESS","2024-10-31 00:00:00"
"341","367","24.22","GOOGLE_PAY","SUCCESS","2024-10-31 00:00:00"
"342","368","205.88","UPI","SUCCESS","2024-02-23 00:00:00"
"343","369","99.85","UPI","SUCCESS","2024-10-31 00:00:00"
"344","370","34.81","DEBIT_CARD","SUCCESS","2023-12-26 00:00:00"
"345","371","90.54","RAZOR_PAY","SUCCESS","2024-10-31 00:00:00"
"346","372","72.75","UPI","EXPIRED_REQUEST","2023-11-08 00:00:00"
"347","372","72.75","UPI","SUCCESS","2023-11-08 00:00:00"
"348","374","31.46","CRED","SUCCESS","2024-10-31 00:00:00"
"349","377","137.36","UPI","SUCCESS","2022-11-29 00:00:00"
"350","378","11.34","UPI","INSUFFICIENT_FUNDS","2024-10-31 00:00:00"
"351","378","11.34","UPI","SUCCESS","2024-10-31 00:00:00"
"352","379","13.68","UPI","NETWORK_ERROR","2024-10-31 00:00:00"
"353","379","13.68","UPI","SUCCESS","2024-10-31 00:00:00"
"354","381","101.21","GOOGLE_PAY","SUCCESS","2024-10-31 00:00:00"
"355","382","39.11","UPI","SUCCESS","2024-10-31 00:00:00"
"356","383","88.06","UPI","SUCCESS","2024-10-31 00:00:00"
"357","384","149.25","DEBIT_CARD","SUCCESS","2024-10-31 00:00:00"
"358","386","112.78","UPI","SUCCESS","2024-10-31 00:00:00"
"359","387","31.89","UPI","SUCCESS","2024-10-31 00:00:00"
"360","389","126.53","UPI","SUCCESS","2024-10-31 00:00:00"
"361","390","91.57","CREDIT_CARD","SUCCESS","2024-10-31 00:00:00"
"362","391","49.46","UPI","SUCCESS","2024-10-31 00:00:00"
"363","392","105.48","CRED","SUCCESS","2024-10-31 00:00:00"
"364","393","97.12","GOOGLE_PAY","SUCCESS","2024-10-31 00:00:00"
"365","394","120.21","UPI","SUCCESS","2024-10-24 00:00:00"
"366","395","19.61","CRED","SUCCESS","2023-08-04 00:00:00"
"367","396","21.10","UPI","SUCCESS","2018-01-02 00:00:00"
"368","397","48.94","DEBIT_CARD","CARD_BLOCKED","2022-03-28 00:00:00"
"369","397","48.94","DEBIT_CARD","SUCCESS","2022-03-28 00:00:00"
"370","398","9.09","GOOGLE_PAY","SUCCESS","2020-10-14 00:00:00"
"371","402","9.42","GOOGLE_PAY","SUCCESS","2018-08-13 00:00:00"
"372","405","182.89","CREDIT_CARD","SUCCESS","2024-10-31 00:00:00"
"373","406","258.03","UPI","INSUFFICIENT_FUNDS","2024-10-31 00:00:00"
"374","406","258.03","UPI","EXPIRED_REQUEST","2024-10-31 00:00:00"
"375","406","258.03","UPI","SUCCESS","2024-10-31 00:00:00"
"376","407","118.88","UPI","SUCCESS","2024-10-31 00:00:00"
"377","408","103.30","GOOGLE_PAY","SUCCESS","2024-10-31 00:00:00"
"378","409","117.00","UPI","SUCCESS","2024-08-31 00:00:00"
"379","410","89.93","UPI","SUCCESS","2024-10-31 00:00:00"
"380","412","104.83","UPI","SUCCESS","2024-10-31 00:00:00"
"381","413","190.82","UPI","SUCCESS","2024-04-25 00:00:00"
"382","415","75.85","GOOGLE_PAY","NETWORK_ERROR","2024-10-31 00:00:00"
"383","415","75.85","GOOGLE_PAY","SUCCESS","2024-10-31 00:00:00"
"384","416","79.16","CRED","SUCCESS","2024-10-31 00:00:00"
"385","417","56.49","CRED","SUCCESS","2023-08-12 00:00:00"
"386","418","114.98","UPI","PIN_ERROR","2022-11-23 00:00:00"
"387","418","114.98","UPI","SUCCESS","2022-11-23 00:00:00"
"388","419","53.14","DEBIT_CARD","CARD_DECLINED","2023-04-15 00:00:00"
"389","419","53.14","DEBIT_CARD","SUCCESS","2023-04-15 00:00:00"
"390","420","133.77","CREDIT_CARD","SUCCESS","2024-10-31 00:00:00"
"391","421","64.77","UPI","SUCCESS","2024-10-31 00:00:00"
"392","422","55.51","GOOGLE_PAY","SUCCESS","2024-10-31 00:00:00"
"393","423","85.40","UPI","INSUFFICIENT_FUNDS","2024-10-31 00:00:00"
"394","423","85.40","UPI","SUCCESS","2024-10-31 00:00:00"
"395","424","63.93","UPI","NETWORK_ERROR","2024-10-31 00:00:00"
"396","424","63.93","UPI","SUCCESS","2024-10-31 00:00:00"
"397","425","24.24","UPI","SUCCESS","2024-10-31 00:00:00"
"398","427","33.85","CRED","SUCCESS","2019-07-23 00:00:00"
"399","428","7.65","UPI","SUCCESS","2024-03-06 00:00:00"
"400","429","72.28","UPI","SUCCESS","2024-10-31 00:00:00"
"401","430","14.34","UPI","SUCCESS","2018-01-28 00:00:00"
"402","431","18.73","UPI","SUCCESS","2024-07-07 00:00:00"
"403","432","48.52","UPI","SUCCESS","2022-05-29 00:00:00"
"404","434","63.68","UPI","SUCCESS","2020-10-19 00:00:00"
"405","435","65.22","CREDIT_CARD","INSUFFICIENT_FUNDS","2024-10-31 00:00:00"
"406","435","65.22","CREDIT_CARD","SUCCESS","2024-10-31 00:00:00"
"407","436","88.09","UPI","SUCCESS","2022-05-09 00:00:00"
"408","437","45.74","UPI","SUCCESS","2019-03-24 00:00:00"
"409","438","32.53","UPI","SUCCESS","2022-03-25 00:00:00"
"410","440","32.96","CRED","SUCCESS","2022-03-12 00:00:00"
"411","442","83.76","CRED","SUCCESS","2019-06-21 00:00:00"
"412","443","193.76","UPI","SUCCESS","2024-10-31 00:00:00"
"413","444","64.25","UPI","SUCCESS","2024-10-31 00:00:00"
"414","445","74.70","UPI","SUCCESS","2020-11-02 00:00:00"
"415","446","79.05","UPI","SUCCESS","2024-10-31 00:00:00"
"416","447","13.05","UPI","SUCCESS","2022-05-26 00:00:00"
"417","448","14.26","UPI","SUCCESS","2019-03-28 00:00:00"
"418","449","32.02","CRED","SUCCESS","2018-06-07 00:00:00"
"419","450","193.76","UPI","SUCCESS","2020-09-08 00:00:00"
"420","452","99.62","UPI","SUCCESS","2022-02-16 00:00:00"
"421","454","184.93","DEBIT_CARD","INSUFFICIENT_FUNDS","2024-08-29 00:00:00"
"422","454","184.93","DEBIT_CARD","SUCCESS","2024-08-29 00:00:00"
"423","455","44.74","UPI","SUCCESS","2019-04-10 00:00:00"
"424","456","54.74","CRED","SUCCESS","2018-11-09 00:00:00"
"425","457","29.50","UPI","SUCCESS","2024-10-31 00:00:00"
"426","458","9.51","CRED","SUCCESS","2024-06-21 00:00:00"
"427","460","85.82","UPI","SUCCESS","2022-08-31 00:00:00"
"428","461","61.39","GOOGLE_PAY","PIN_ERROR","2020-08-26 00:00:00"
"429","461","61.39","GOOGLE_PAY","SUCCESS","2020-08-26 00:00:00"
"430","463","49.39","UPI","SUCCESS","2024-10-31 00:00:00"
"431","464","57.04","UPI","SUCCESS","2024-10-31 00:00:00"
"432","465","12.09","CRED","WALLET_LIMIT_REACHED","2023-12-11 00:00:00"
"433","465","12.09","CRED","SUCCESS","2023-12-11 00:00:00"
"434","466","79.42","CREDIT_CARD","SUCCESS","2018-09-23 00:00:00"
"435","467","69.96","GOOGLE_PAY","SUCCESS","2021-12-16 00:00:00"
"436","469","170.99","CRED","SUCCESS","2024-03-04 00:00:00"
"437","470","89.43","CRED","SUCCESS","2022-02-25 00:00:00"
"438","471","86.69","CRED","SUCCESS","2020-06-25 00:00:00"
"439","472","90.11","UPI","SUCCESS","2024-10-31 00:00:00"
"440","473","66.85","PAYTM","SUCCESS","2024-10-31 00:00:00"
"441","474","21.90","UPI","SUCCESS","2023-09-20 00:00:00"
"442","477","22.47","CRED","NETWORK_ERROR","2023-05-20 00:00:00"
"443","477","22.47","CRED","SUCCESS","2023-05-20 00:00:00"
"444","478","37.98","PAYU","SUCCESS","2022-09-01 00:00:00"
"445","480","34.78","RAZOR_PAY","SUCCESS","2024-10-31 00:00:00"
"446","482","31.55","UPI","SUCCESS","2018-12-12 00:00:00"
"447","483","79.49","UPI","SUCCESS","2024-06-10 00:00:00"
"448","484","54.04","UPI","PIN_ERROR","2021-05-15 00:00:00"
"449","484","54.04","UPI","SUCCESS","2021-05-15 00:00:00"
"450","485","9.62","UPI","SUCCESS","2018-11-04 00:00:00"
"451","487","29.31","UPI","SUCCESS","2018-07-16 00:00:00"
"452","489","76.64","UPI","SUCCESS","2016-12-06 00:00:00"
"453","490","52.81","CREDIT_CARD","CARD_BLOCKED","2024-01-12 00:00:00"
"454","490","52.81","CREDIT_CARD","SUCCESS","2024-01-12 00:00:00"
"455","491","60.08","UPI","SUCCESS","2022-04-29 00:00:00"
"456","492","83.93","UPI","SUCCESS","2023-01-30 00:00:00"
"457","493","39.54","UPI","SUCCESS","2023-06-03 00:00:00"
"458","495","41.84","GOOGLE_PAY","NETWORK_ERROR","2024-10-31 00:00:00"
"459","495","41.84","GOOGLE_PAY","SUCCESS","2024-10-31 00:00:00"
"460","497","25.54","UPI","EXPIRED_REQUEST","2024-10-31 00:00:00"
"461","497","25.54","UPI","INSUFFICIENT_FUNDS","2024-10-31 00:00:00"
"462","497","25.54","UPI","SUCCESS","2024-10-31 00:00:00"
"463","498","14.95","DEBIT_CARD","SUCCESS","2021-04-22 00:00:00"
"464","499","49.86","DEBIT_CARD","SUCCESS","2024-10-31 00:00:00"
"465","500","14.07","DEBIT_CARD","SUCCESS","2019-12-22 00:00:00"
"466","501","10.75","CREDIT_CARD","SUCCESS","2024-10-31 00:00:00"
"467","502","291.58","CRED","SUCCESS","2020-08-23 00:00:00"
"468","503","109.61","GOOGLE_PAY","SUCCESS","2020-09-05 00:00:00"
"469","504","40.55","UPI","PIN_ERROR","2024-10-31 00:00:00"
"470","504","40.55","UPI","SUCCESS","2024-10-31 00:00:00"
"471","505","27.37","CRED","SUCCESS","2020-05-12 00:00:00"
"472","507","87.15","GOOGLE_PAY","SUCCESS","2024-10-31 00:00:00"
"473","509","27.22","CRED","NETWORK_ERROR","2024-10-31 00:00:00"
"474","509","27.22","CRED","SUCCESS","2024-10-31 00:00:00"
"475","512","120.06","CRED","SUCCESS","2023-04-24 00:00:00"
"476","513","483.22","UPI","SUCCESS","2021-05-24 00:00:00"
"477","515","154.06","UPI","SUCCESS","2022-08-07 00:00:00"
"478","516","71.34","UPI","PIN_ERROR","2021-03-12 00:00:00"
"479","516","71.34","UPI","SUCCESS","2021-03-12 00:00:00"
"480","517","108.99","UPI","SUCCESS","2021-03-05 00:00:00"
"481","518","141.49","CREDIT_CARD","SUCCESS","2024-10-31 00:00:00"
"482","519","87.91","DEBIT_CARD","SUCCESS","2019-02-02 00:00:00"
"483","521","138.35","UPI","SUCCESS","2018-06-04 00:00:00"
"484","523","88.96","UPI","SUCCESS","2023-08-08 00:00:00"
"485","524","23.56","PAYU","SUCCESS","2023-03-23 00:00:00"
"486","525","107.15","GOOGLE_PAY","SUCCESS","2020-10-13 00:00:00"
"487","526","13.70","GOOGLE_PAY","SUCCESS","2019-04-09 00:00:00"
"488","528","3.69","UPI","SUCCESS","2022-07-05 00:00:00"
"489","529","17.26","UPI","SUCCESS","2016-11-15 00:00:00"
"490","530","43.99","CRED","SUCCESS","2015-12-20 00:00:00"
"491","531","117.57","UPI","SUCCESS","2015-04-05 00:00:00"
"492","532","21.55","UPI","SUCCESS","2017-07-17 00:00:00"
"493","533","216.37","UPI","SUCCESS","2018-04-14 00:00:00"
"494","534","162.00","UPI","INSUFFICIENT_FUNDS","2023-03-01 00:00:00"
"495","534","162.00","UPI","SUCCESS","2023-03-01 00:00:00"
"496","535","12.61","PAYU","SUCCESS","2022-05-07 00:00:00"
"497","536","55.95","UPI","SUCCESS","2024-10-31 00:00:00"
"498","537","69.47","UPI","SUCCESS","2022-04-23 00:00:00"
"499","538","62.06","PAYU","SUCCESS","2024-10-31 00:00:00"
"500","539","60.11","GOOGLE_PAY","SUCCESS","2019-12-09 00:00:00"