"review_id","restaurant_id","user_id","rating","comment","review_date"
"1","16608483","6550","4.3","Service was prompt","2024-01-16 00:00:00"
"2","16608483","6550","4.1","Service was prompt","2024-05-10 00:00:00"
"3","16608483","6550","3.1","Decent place","2024-03-19 00:00:00"
"4","6113680","7719","4.4","Good experience","2019-04-01 00:00:00"
"5","6117859","7719","4.5","Service was prompt","2019-07-07 00:00:00"
"6","16613507","9425","4.7","Outstanding service","2017-10-16 00:00:00"
"7","16613507","9425","4.9","Highly recommended","2018-01-01 00:00:00"
"8","7003855","11679","4.4","Good experience","2019-09-22 00:00:00"
"9","16612550","8326","4.6","Delicious and fresh food","2022-08-28 00:00:00"
"10","17294607","13326","3.7","Service was prompt","2021-05-29 00:00:00"
"11","17284145","2407","4.9","Fantastic food","2017-07-28 00:00:00"
"12","16611498","9638","4.8","Outstanding service","2016-12-02 00:00:00"
"13","16611498","9638","3.7","Satisfied","2016-10-03 00:00:00"
"14","18255631","10535","4.7","Excellent service!","2023-01-05 00:00:00"
"15","18255631","10535","4.0","Good experience","2023-05-02 00:00:00"
"16","18452864","5822","3.7","Good food and ambiance","2016-03-26 00:00:00"
"17","18356469","5822","4.1","Tasty food","2015-10-21 00:00:00"
"18","96626","5822","4.8","Fantastic food","2016-01-05 00:00:00"
"19","120519","4600","4.0","Satisfied","2015-09-02 00:00:00"
"20","120519","4600","3.9","Satisfied","2015-10-22 00:00:00"
"21","120519","4600","4.6","Perfect experience","2016-02-17 00:00:00"
"22","101311","9359","3.8","Good food and ambiance","2022-08-24 00:00:00"
"23","17141990","10967","5.6","Loved everything about this place","2018-05-11 00:00:00"
"24","17687832","9554","3.2","Could be improved","2022-09-25 00:00:00"
"25","17687832","9554","4.4","Nice place to dine","2023-04-10 00:00:00"
"26","17687832","9554","4.0","Would recommend","2023-03-07 00:00:00"
"27","3500484","5176","4.0","Clean and comfortable","2019-11-05 00:00:00"
"28","3500484","5176","4.1","Good experience","2020-05-16 00:00:00"
"29","18440677","5176","3.7","Tasty food","2019-11-06 00:00:00"
"30","3800477","12636","3.7","Service was prompt","2020-09-19 00:00:00"
"31","3800437","12636","4.5","Tasty food","2020-05-13 00:00:00"
"32","3800238","12636","4.6","Delicious and fresh food","2020-04-09 00:00:00"
"33","16605194","11707","4.4","Clean and comfortable","2017-05-14 00:00:00"
"34","16605194","11707","4.0","Enjoyed it","2017-09-09 00:00:00"
"35","16605194","11707","3.7","Nice place to dine","2017-11-24 00:00:00"
"36","18366580","10843","3.2","Good for a quick meal","2016-05-06 00:00:00"
"37","18366580","10843","4.0","Enjoyed it","2016-02-28 00:00:00"
"38","17095979","5581","4.4","Clean and comfortable","2022-10-30 00:00:00"
"39","17102579","5581","4.0","Good food and ambiance","2022-11-25 00:00:00"
"40","122830","7686","4.5","Service was prompt","2022-04-24 00:00:00"
"41","121312","7686","4.4","Service was prompt","2021-07-14 00:00:00"
"42","4000004","14248","4.7","Will visit again!","2017-04-08 00:00:00"
"43","18343124","14248","4.9","Best place in town","2017-07-08 00:00:00"
"44","4000004","14248","4.8","Outstanding service","2017-11-29 00:00:00"
"45","1600095","5938","3.5","Enjoyed it","2019-07-06 00:00:00"
"46","6000921","9629","4.4","Good food and ambiance","2021-03-02 00:00:00"
"47","6004813","9629","3.9","Enjoyed it","2021-08-13 00:00:00"
"48","6000447","9629","3.8","Good experience","2020-11-18 00:00:00"
"49","2100861","6631","3.9","Nice place to dine","2016-03-05 00:00:00"
"50","2100776","6631","4.8","Fantastic food","2016-02-07 00:00:00"
"51","18397909","6631","3.9","Enjoyed it","2016-06-06 00:00:00"
"52","17284302","14277","4.8","Will visit again!","2018-04-02 00:00:00"
"53","17284197","14277","2.8","Neither impressed nor disappointed","2018-01-07 00:00:00"
"54","17284211","14277","3.8","Would recommend","2018-05-26 00:00:00"
"55","6103255","1862","4.0","Good experience","2018-09-13 00:00:00"
"56","6101881","1862","4.6","Worth every penny","2019-01-14 00:00:00"
"57","6118140","1862","4.8","Outstanding service","2019-02-14 00:00:00"
"58","17330546","14775","4.7","Will visit again!","2016-08-17 00:00:00"
"59","17330309","14775","4.1","Satisfied","2016-09-17 00:00:00"
"60","2500075","882","3.4","Could be improved","2019-11-01 00:00:00"
"61","3500488","6697","3.5","Enjoyed it","2018-01-01 00:00:00"
"62","3500365","6697","4.3","Nice place to dine","2018-07-28 00:00:00"
"63","16613649","5837","4.2","Nice place to dine","2015-07-31 00:00:00"
"64","17842104","11566","4.0","Service was prompt","2016-09-25 00:00:00"
"65","17842104","11566","4.5","Good food and ambiance","2017-06-16 00:00:00"
"66","17295215","8105","4.6","Best place in town","2022-03-15 00:00:00"
"67","17294261","8105","3.8","Satisfied","2022-09-04 00:00:00"
"68","16613507","14476","4.2","Satisfied","2023-03-08 00:00:00"
"69","16613507","14476","2.6","Service was average","2023-06-15 00:00:00"
"70","16613507","14476","3.7","Good experience","2023-05-26 00:00:00"
"71","16612550","791","3.6","Good experience","2021-02-25 00:00:00"
"72","18424018","11199","3.6","Good food and ambiance","2024-06-07 00:00:00"
"73","17842104","1437","4.8","Outstanding service","2019-06-24 00:00:00"
"74","17842104","1437","3.2","It was okay","2019-06-28 00:00:00"
"75","17211719","2429","4.7","Delicious and fresh food","2024-03-09 00:00:00"
"76","17211719","2429","4.6","Perfect experience","2023-08-25 00:00:00"
"77","17284241","7362","4.4","Service was prompt","2017-08-02 00:00:00"
"78","1402028","4666","4.4","Clean and comfortable","2021-11-28 00:00:00"
"79","18395137","4666","4.4","Service was prompt","2021-06-01 00:00:00"
"80","1402028","4666","3.6","Good experience","2021-11-22 00:00:00"
"81","3400391","12952","4.0","Would recommend","2024-04-09 00:00:00"
"82","6800782","1102","4.4","Would recommend","2018-04-12 00:00:00"
"83","6801867","1102","4.6","Will visit again!","2017-08-18 00:00:00"
"84","6800782","1102","3.9","Enjoyed it","2017-12-19 00:00:00"
"85","17694056","13843","4.9","Excellent service!","2020-08-27 00:00:00"
"86","17694056","13843","4.1","Would recommend","2020-09-22 00:00:00"
"87","130567","2364","4.0","Tasty food","2018-01-13 00:00:00"
"88","16519268","2364","5.7","Will visit again!","2018-06-03 00:00:00"
"89","130535","2364","4.3","Enjoyed it","2017-12-14 00:00:00"
"90","18175288","13300","3.7","Good food and ambiance","2017-07-30 00:00:00"
"91","302880","13300","4.1","Good experience","2017-03-26 00:00:00"
"92","18400530","1982","4.3","Satisfied","2019-08-10 00:00:00"
"93","18400530","1982","4.9","Loved everything about this place","2019-10-21 00:00:00"
"94","18400530","1982","4.2","Would recommend","2020-01-04 00:00:00"
"95","3200590","9617","4.0","Would recommend","2019-11-14 00:00:00"
"96","3200590","9617","4.3","Good experience","2020-01-07 00:00:00"
"97","3200584","9617","3.7","Enjoyed it","2020-09-07 00:00:00"
"98","16613059","11593","4.6","Delicious and fresh food","2023-03-09 00:00:00"
"99","16613059","11593","3.5","Satisfied","2023-08-28 00:00:00"
"100","16613059","11593","4.0","Nice place to dine","2023-05-07 00:00:00"
"101","2200067","7628","3.6","Good experience","2020-03-03 00:00:00"
"102","2200067","7628","4.5","Satisfied","2019-10-31 00:00:00"
"103","17559793","5635","4.4","Satisfied","2023-11-01 00:00:00"
"104","17559793","5635","4.8","Perfect experience","2024-01-02 00:00:00"
"105","17143336","9609","3.7","Would recommend","2020-09-01 00:00:00"
"106","17142535","9609","4.0","Nice place to dine","2020-04-11 00:00:00"
"107","17557488","13721","4.9","Excellent service!","2021-02-05 00:00:00"
"108","17557488","13721","3.7","Satisfied","2021-01-26 00:00:00"
"109","17557488","13721","4.0","Nice place to dine","2020-11-09 00:00:00"
"110","17557488","5150","4.4","Nice place to dine","2022-07-01 00:00:00"
"111","17557488","5150","4.8","Worth every penny","2022-06-23 00:00:00"
"112","6501534","5685","3.9","Tasty food","2021-09-01 00:00:00"
"113","6501534","5685","4.9","Will visit again!","2022-02-11 00:00:00"
"114","17330628","15021","4.5","Clean and comfortable","2023-11-20 00:00:00"
"115","16519231","9528","4.2","Enjoyed it","2023-08-15 00:00:00"
"116","130888","9528","4.5","Tasty food","2023-08-13 00:00:00"
"117","16612028","3657","4.9","Excellent service!","2020-10-25 00:00:00"
"118","16612028","3657","4.8","Best place in town","2020-11-16 00:00:00"
"119","16609169","14823","3.9","Good food and ambiance","2018-01-14 00:00:00"
"120","16609169","14823","4.8","Perfect experience","2017-11-07 00:00:00"
"121","16609169","14823","4.4","Enjoyed it","2018-02-18 00:00:00"
"122","6900714","328","4.6","Outstanding service","2017-10-15 00:00:00"
"123","6900374","328","3.9","Clean and comfortable","2017-11-06 00:00:00"
"124","121120","1414","4.5","Nice place to dine","2019-11-03 00:00:00"
"125","122940","1414","5.0","Highly recommended","2019-08-29 00:00:00"
"126","120219","1414","3.6","Enjoyed it","2019-04-01 00:00:00"
"127","1600007","14122","3.9","Satisfied","2019-09-16 00:00:00"
"128","6308205","13774","3.6","Clean and comfortable","2024-03-22 00:00:00"
"129","17342811","13533","3.5","Good food and ambiance","2017-07-01 00:00:00"
"130","17342494","13533","4.4","Good food and ambiance","2018-03-07 00:00:00"
"131","17342781","13533","4.1","Tasty food","2017-06-27 00:00:00"
"132","3100148","11766","4.5","Good food and ambiance","2019-10-26 00:00:00"
"133","5905215","2056","4.6","Will visit again!","2020-10-26 00:00:00"
"134","5704168","14025","3.6","Tasty food","2019-10-07 00:00:00"
"135","2400010","11995","3.9","Nice place to dine","2018-11-23 00:00:00"
"136","2400349","11995","4.5","Tasty food","2018-09-29 00:00:00"
"137","2400014","4301","4.5","Service was prompt","2019-07-31 00:00:00"
"138","18199767","4176","3.8","Enjoyed it","2023-04-27 00:00:00"
"139","75728","4176","4.2","Good food and ambiance","2023-03-25 00:00:00"
"140","6700475","14530","5.2","Fantastic food","2023-04-09 00:00:00"
"141","6714340","14530","3.7","Satisfied","2023-01-13 00:00:00"
"142","121214","8334","4.4","Enjoyed it","2018-09-30 00:00:00"
"143","6113680","8946","4.0","Would recommend","2022-04-08 00:00:00"
"144","6103868","8946","4.6","Best place in town","2022-06-28 00:00:00"
"145","90499","13834","4.6","Excellent service!","2023-09-24 00:00:00"
"146","90499","13834","3.5","Good experience","2024-01-05 00:00:00"
"147","96814","13834","4.1","Good experience","2023-07-16 00:00:00"
"148","7100788","11849","4.0","Tasty food","2021-09-14 00:00:00"
"149","16668008","3544","3.6","Service was prompt","2019-06-09 00:00:00"
"150","16668008","3544","4.0","Clean and comfortable","2019-01-16 00:00:00"
"151","6900050","9057","4.2","Service was prompt","2023-02-07 00:00:00"
"152","16611498","14996","4.6","Worth every penny","2022-05-20 00:00:00"
"153","16611498","14996","4.3","Nice place to dine","2022-04-19 00:00:00"
"154","16611498","14996","4.8","Outstanding service","2022-08-18 00:00:00"
"155","16519268","896","4.5","Good experience","2018-12-14 00:00:00"
"156","16512333","896","4.1","Good food and ambiance","2018-09-22 00:00:00"
"157","18445944","10511","4.8","Perfect experience","2019-08-05 00:00:00"
"158","75728","10511","4.8","Delicious and fresh food","2019-08-14 00:00:00"
"159","17060320","3810","4.2","Satisfied","2017-07-13 00:00:00"
"160","17061231","3810","4.7","Delicious and fresh food","2018-04-18 00:00:00"
"161","17557488","11561","4.1","Tasty food","2021-02-05 00:00:00"
"162","17557488","11561","3.5","Good experience","2021-11-04 00:00:00"
"163","16606299","6621","4.0","Would recommend","2017-10-28 00:00:00"
"164","16606299","6621","3.8","Clean and comfortable","2017-12-02 00:00:00"
"165","16606299","6621","4.4","Good experience","2018-02-20 00:00:00"
"166","120519","4302","4.1","Would recommend","2017-11-15 00:00:00"
"167","16608209","2201","3.5","Nice place to dine","2023-03-02 00:00:00"
"168","7402935","7447","3.7","Satisfied","2016-11-26 00:00:00"
"169","5600642","3424","4.4","Satisfied","2021-01-20 00:00:00"
"170","120219","3333","4.0","Enjoyed it","2021-12-26 00:00:00"
"171","6318433","6332","4.5","Clean and comfortable","2018-07-19 00:00:00"
"172","6318433","6332","4.9","Loved everything about this place","2018-02-19 00:00:00"
"173","3000001","4525","4.0","Enjoyed it","2021-12-14 00:00:00"
"174","3000014","4525","4.9","Highly recommended","2021-05-04 00:00:00"
"175","3000016","4525","3.8","Good experience","2021-05-02 00:00:00"
"176","102531","9352","4.4","Would recommend","2024-02-25 00:00:00"
"177","17144717","12867","3.6","Satisfied","2015-10-07 00:00:00"
"178","17145495","12867","4.2","Good experience","2015-10-16 00:00:00"
"179","17697332","1848","4.7","Highly recommended","2016-07-03 00:00:00"
"180","17697386","1848","4.1","Tasty food","2016-04-20 00:00:00"
"181","17697384","1848","3.7","Nice place to dine","2016-02-19 00:00:00"
"182","17582498","11105","4.0","Service was prompt","2020-06-14 00:00:00"
"183","16608483","5430","3.1","Service was average","2018-06-22 00:00:00"
"184","16608483","5430","3.6","Enjoyed it","2018-11-14 00:00:00"
"185","18189371","5353","4.0","Clean and comfortable","2017-06-14 00:00:00"
"186","18189371","5353","5.0","Will visit again!","2017-07-20 00:00:00"
"187","6318506","5353","4.0","Clean and comfortable","2017-11-08 00:00:00"
"188","16604911","10736","4.1","Satisfied","2022-10-13 00:00:00"
"189","16604911","10736","4.9","Excellent service!","2023-07-14 00:00:00"
"190","122940","5453","4.2","Service was prompt","2018-12-18 00:00:00"
"191","120219","5453","4.3","Tasty food","2019-07-06 00:00:00"
"192","120219","5453","4.5","Good experience","2019-04-06 00:00:00"
"193","6517404","13035","3.6","Would recommend","2019-12-13 00:00:00"
"194","95256","1737","4.2","Enjoyed it","2016-03-15 00:00:00"
"195","17557488","12214","3.9","Nice place to dine","2018-10-28 00:00:00"
"196","18400530","2223","3.9","Would recommend","2022-01-10 00:00:00"
"197","24452","1447","3.6","Service was prompt","2018-05-23 00:00:00"
"198","24286","1447","4.9","Delicious and fresh food","2018-03-25 00:00:00"
"199","17696871","12685","4.5","Nice place to dine","2018-07-23 00:00:00"
"200","17697304","12685","4.1","Good experience","2018-05-22 00:00:00"
"201","6003668","2092","3.9","Would recommend","2023-10-07 00:00:00"
"202","6000871","2092","4.7","Will visit again!","2024-02-28 00:00:00"
"203","16605194","5957","4.8","Best place in town","2019-09-02 00:00:00"
"204","16605194","5957","4.3","Satisfied","2019-11-10 00:00:00"
"205","16605194","5957","4.5","Satisfied","2018-12-08 00:00:00"
"206","17342810","1103","3.9","Good experience","2017-02-16 00:00:00"
"207","15497","3212","4.5","Clean and comfortable","2019-05-27 00:00:00"
"208","15008","3212","4.6","Best place in town","2019-05-23 00:00:00"
"209","15008","3212","3.7","Satisfied","2019-05-04 00:00:00"
"210","3800319","8537","3.9","Good food and ambiance","2021-03-01 00:00:00"
"211","3800078","8537","3.8","Tasty food","2021-04-07 00:00:00"
"212","18362165","8537","4.6","Best place in town","2021-06-21 00:00:00"
"213","17621744","13899","4.4","Clean and comfortable","2021-10-29 00:00:00"
"214","17621834","13899","3.1","Food was just fine","2021-04-12 00:00:00"
"215","17621744","13899","4.7","Fantastic food","2021-10-31 00:00:00"
"216","2300497","7726","4.5","Good experience","2017-12-25 00:00:00"
"217","2300003","7726","4.0","Tasty food","2017-11-05 00:00:00"
"218","2300009","7726","3.9","Good food and ambiance","2017-07-24 00:00:00"
"219","17284105","1135","4.9","Will visit again!","2020-08-18 00:00:00"
"220","17258552","11780","4.0","Enjoyed it","2023-11-12 00:00:00"
"221","17259395","11780","5.2","Excellent service!","2023-03-28 00:00:00"
"222","7417450","2829","4.0","Nice place to dine","2019-05-05 00:00:00"
"223","50943","4428","4.1","Good experience","2016-05-08 00:00:00"
"224","51040","4428","4.7","Fantastic food","2015-10-26 00:00:00"
"225","18407918","4428","4.7","Will visit again!","2016-04-14 00:00:00"
"226","16608059","2014","4.3","Clean and comfortable","2015-09-24 00:00:00"
"227","3200269","12259","3.8","Clean and comfortable","2022-04-24 00:00:00"
"228","3200021","12259","3.6","Enjoyed it","2021-07-01 00:00:00"
"229","16612028","12566","4.2","Clean and comfortable","2022-06-12 00:00:00"
"230","3700017","10391","3.8","Good food and ambiance","2022-12-15 00:00:00"
"231","16606299","5858","4.2","Clean and comfortable","2021-04-04 00:00:00"
"232","16606299","5858","4.5","Service was prompt","2021-02-18 00:00:00"
"233","16606299","5858","4.3","Would recommend","2021-03-14 00:00:00"
"234","6310470","1356","5.0","Best place in town","2015-12-26 00:00:00"
"235","6314605","1356","4.4","Good experience","2016-02-14 00:00:00"
"236","6310470","1356","4.4","Service was prompt","2015-06-18 00:00:00"
"237","6502134","6712","4.2","Nice place to dine","2017-11-30 00:00:00"
"238","18182702","2765","4.5","Enjoyed it","2019-11-29 00:00:00"
"239","18185059","2765","3.7","Good food and ambiance","2019-07-03 00:00:00"
"240","301522","795","4.0","Enjoyed it","2017-05-21 00:00:00"
"241","313059","795","0.3","Not recommended","2016-12-27 00:00:00"
"242","300616","795","3.6","Clean and comfortable","2017-05-17 00:00:00"
"243","2200153","7559","3.8","Would recommend","2017-10-17 00:00:00"
"244","18204507","7559","4.7","Excellent service!","2017-11-28 00:00:00"
"245","2200132","7559","4.4","Enjoyed it","2017-11-15 00:00:00"
"246","18424018","12299","4.0","Tasty food","2021-03-15 00:00:00"
"247","18424018","12299","4.8","Perfect experience","2020-08-14 00:00:00"
"248","18424018","12299","3.9","Clean and comfortable","2020-08-08 00:00:00"
"249","900533","3065","4.5","Good experience","2024-06-13 00:00:00"
"250","95333","3065","3.7","Good food and ambiance","2024-10-29 00:00:00"
"251","2100108","9445","4.8","Perfect experience","2022-07-02 00:00:00"
"252","2100921","9445","4.1","Good experience","2022-07-17 00:00:00"
"253","2100921","9445","4.7","Will visit again!","2023-05-29 00:00:00"
"254","305453","9919","3.7","Tasty food","2016-05-14 00:00:00"
"255","313225","9919","4.6","Fantastic food","2016-07-28 00:00:00"
"256","313258","9919","4.3","Good experience","2016-10-15 00:00:00"
"257","18285610","8542","3.9","Tasty food","2020-09-06 00:00:00"
"258","2800042","8542","3.9","Satisfied","2021-07-05 00:00:00"
"259","17303480","7740","4.7","Perfect experience","2016-03-05 00:00:00"
"260","17304726","7740","3.9","Tasty food","2016-12-15 00:00:00"
"261","17303480","7740","4.4","Nice place to dine","2016-07-07 00:00:00"
"262","2500390","11737","3.9","Clean and comfortable","2021-05-23 00:00:00"
"263","6000921","5071","4.7","Loved everything about this place","2023-03-25 00:00:00"
"264","2700010","5405","4.5","Satisfied","2019-12-30 00:00:00"
"265","17482142","2098","3.8","Service was prompt","2018-07-14 00:00:00"
"266","17482142","2098","4.0","Nice place to dine","2018-03-18 00:00:00"
"267","17482142","2098","4.3","Service was prompt","2018-10-14 00:00:00"
"268","17579992","13817","4.8","Loved everything about this place","2020-03-13 00:00:00"
"269","17580704","13817","4.3","Enjoyed it","2020-06-17 00:00:00"
"270","6501534","12210","5.1","Worth every penny","2020-09-25 00:00:00"
"271","6501534","12210","4.6","Delicious and fresh food","2020-09-01 00:00:00"
"272","17102241","9331","4.5","Good experience","2024-05-11 00:00:00"
"273","17093600","9331","4.2","Clean and comfortable","2024-01-01 00:00:00"
"274","17100547","9331","3.0","Good for a quick meal","2024-09-12 00:00:00"
"275","6318506","224","4.9","Excellent service!","2018-08-14 00:00:00"
"276","18189371","224","4.3","Tasty food","2018-10-07 00:00:00"
"277","18189371","224","3.9","Service was prompt","2018-12-31 00:00:00"
"278","2900473","10010","3.9","Enjoyed it","2016-09-23 00:00:00"
"279","2900640","10010","4.9","Will visit again!","2017-03-24 00:00:00"
"280","96814","10331","3.9","Tasty food","2024-06-09 00:00:00"
"281","96814","10331","3.8","Satisfied","2024-01-04 00:00:00"
"282","5927402","3620","3.7","Nice place to dine","2023-07-27 00:00:00"
"283","17678243","363","3.8","Good food and ambiance","2022-03-11 00:00:00"
"284","17678307","363","3.6","Would recommend","2021-12-22 00:00:00"
"285","6318433","626","4.8","Excellent service!","2021-03-13 00:00:00"
"286","6318433","626","3.9","Satisfied","2021-02-09 00:00:00"
"287","6318433","626","4.1","Nice place to dine","2021-01-07 00:00:00"
"288","17335173","11882","3.8","Clean and comfortable","2018-04-09 00:00:00"
"289","17334782","11882","4.1","Clean and comfortable","2018-01-27 00:00:00"
"290","17687832","7975","4.4","Clean and comfortable","2017-08-20 00:00:00"
"291","17687832","7975","3.3","Service was average","2018-01-12 00:00:00"
"292","17687832","7975","4.7","Outstanding service","2018-01-10 00:00:00"
"293","16611701","4279","4.0","Good food and ambiance","2018-08-11 00:00:00"
"294","18424018","2844","4.6","Worth every penny","2018-01-09 00:00:00"
"295","17697386","4430","3.7","Good experience","2022-07-11 00:00:00"
"296","5916112","3329","4.6","Will visit again!","2017-11-18 00:00:00"
"297","16613507","8617","4.2","Satisfied","2021-02-10 00:00:00"
"298","16613507","8617","3.8","Enjoyed it","2021-02-22 00:00:00"
"299","3400033","13505","3.7","Enjoyed it","2023-08-12 00:00:00"
"300","18224282","9354","3.8","Good experience","2018-07-06 00:00:00"
"301","2100776","9354","4.6","Delicious and fresh food","2018-08-02 00:00:00"
"302","2100784","9354","4.8","Fantastic food","2019-04-19 00:00:00"
"303","18185059","4569","4.3","Clean and comfortable","2018-06-11 00:00:00"
"304","18182702","4569","4.8","Worth every penny","2018-10-26 00:00:00"
"305","18339373","11984","3.8","Good food and ambiance","2022-04-24 00:00:00"
"306","17534788","10684","4.6","Worth every penny","2023-01-05 00:00:00"
"307","17534788","10684","3.7","Good food and ambiance","2022-09-22 00:00:00"
"308","16604911","222","5.0","Highly recommended","2017-02-28 00:00:00"
"309","16604911","222","4.5","Good food and ambiance","2017-03-16 00:00:00"
"310","16604911","222","4.3","Clean and comfortable","2017-09-10 00:00:00"
"311","5602942","11581","4.2","Service was prompt","2023-11-19 00:00:00"
"312","5600642","11581","4.9","Highly recommended","2023-05-14 00:00:00"
"313","6314605","3681","3.8","Would recommend","2019-04-17 00:00:00"
"314","6314605","3681","4.8","Loved everything about this place","2019-03-29 00:00:00"
"315","17536645","5438","5.0","Highly recommended","2017-12-04 00:00:00"
"316","17536645","5438","4.1","Enjoyed it","2018-04-10 00:00:00"
"317","17536645","5438","4.1","Would recommend","2018-01-16 00:00:00"
"318","17557488","10575","3.9","Tasty food","2020-09-11 00:00:00"
"319","17315995","8035","5.0","Will visit again!","2023-10-22 00:00:00"
"320","17316744","8035","3.5","Satisfied","2023-08-31 00:00:00"
"321","6317637","14531","4.2","Tasty food","2019-02-22 00:00:00"
"322","6501534","6192","4.6","Loved everything about this place","2023-10-10 00:00:00"
"323","18339373","6192","3.7","Good food and ambiance","2023-04-28 00:00:00"
"324","6314605","4962","4.3","Good experience","2018-06-25 00:00:00"
"325","17580590","7267","4.3","Clean and comfortable","2016-06-30 00:00:00"
"326","3900057","8024","4.9","Will visit again!","2020-02-18 00:00:00"
"327","17616348","13341","4.9","Excellent service!","2022-10-24 00:00:00"
"328","17615979","13341","4.5","Would recommend","2022-10-25 00:00:00"
"329","17616203","13341","4.4","Satisfied","2023-04-12 00:00:00"
"330","17696918","4500","3.3","Decent place","2020-06-07 00:00:00"
"331","17697424","4500","3.8","Good experience","2020-07-03 00:00:00"
"332","20350","8685","4.0","Satisfied","2024-02-01 00:00:00"
"333","18400530","14743","4.3","Tasty food","2018-09-07 00:00:00"
"334","18400530","14743","3.6","Enjoyed it","2018-11-01 00:00:00"
"335","18400530","14743","4.0","Enjoyed it","2018-12-12 00:00:00"
"336","18199742","7250","4.1","Service was prompt","2021-11-28 00:00:00"
"337","75031","7250","4.9","Loved everything about this place","2022-03-08 00:00:00"
"338","75380","7250","4.8","Best place in town","2022-03-26 00:00:00"
"339","6310470","513","4.7","Worth every penny","2018-02-10 00:00:00"
"340","6117406","14988","4.9","Will visit again!","2017-04-24 00:00:00"
"341","130888","3314","4.5","Good experience","2018-08-14 00:00:00"
"342","16512336","3314","4.5","Clean and comfortable","2018-07-09 00:00:00"
"343","130275","3314","4.6","Outstanding service","2018-05-01 00:00:00"
"344","6800577","4649","4.6","Outstanding service","2023-07-13 00:00:00"
"345","6800538","4649","3.8","Good experience","2023-05-12 00:00:00"
"346","6801039","4649","3.8","Service was prompt","2023-09-23 00:00:00"
"347","5800557","3939","3.7","Good experience","2017-06-19 00:00:00"
"348","5800755","3939","4.6","Fantastic food","2017-10-22 00:00:00"
"349","5800176","3939","4.6","Excellent service!","2017-01-19 00:00:00"
"350","16609169","13063","3.8","Service was prompt","2019-01-17 00:00:00"
"351","16609169","13063","3.8","Good experience","2019-03-24 00:00:00"
"352","16609169","13063","4.4","Nice place to dine","2018-11-19 00:00:00"
"353","6318433","14527","3.9","Service was prompt","2018-03-29 00:00:00"
"354","6318433","14527","4.4","Would recommend","2018-03-26 00:00:00"
"355","6318433","14527","4.9","Will visit again!","2018-10-20 00:00:00"
"356","18430561","306","3.8","Clean and comfortable","2022-07-17 00:00:00"
"357","18383489","306","4.7","Highly recommended","2022-05-26 00:00:00"
"358","18350153","306","0.5","Terrible experience","2023-02-23 00:00:00"
"359","16654702","8471","4.4","Nice place to dine","2022-03-06 00:00:00"
"360","16654702","8471","4.6","Best place in town","2022-04-01 00:00:00"
"361","16654702","8471","4.3","Clean and comfortable","2022-02-13 00:00:00"
"362","16512186","10111","3.5","Good experience","2021-08-09 00:00:00"
"363","16512333","10111","4.3","Service was prompt","2021-09-27 00:00:00"
"364","3400350","2502","4.0","Service was prompt","2023-09-08 00:00:00"
"365","17615855","11132","3.6","Clean and comfortable","2016-04-16 00:00:00"
"366","9650","6708","4.1","Tasty food","2017-08-04 00:00:00"
"367","307084","6708","4.3","Good food and ambiance","2016-10-28 00:00:00"
"368","309632","6708","3.5","Clean and comfortable","2016-11-23 00:00:00"
"369","6202515","9345","3.6","Satisfied","2018-12-08 00:00:00"
"370","6200383","9345","3.4","Food was just fine","2018-12-08 00:00:00"
"371","18426586","9345","4.7","Will visit again!","2019-05-08 00:00:00"
"372","17259200","10544","4.1","Clean and comfortable","2015-11-26 00:00:00"
"373","2100322","7356","3.7","Clean and comfortable","2020-01-19 00:00:00"
"374","18471284","8932","1.0","Would not come back","2019-05-11 00:00:00"
"375","18359331","8932","4.7","Outstanding service","2019-07-05 00:00:00"
"376","16654702","13364","4.7","Highly recommended","2017-12-18 00:00:00"
"377","16654702","13364","3.6","Clean and comfortable","2017-12-22 00:00:00"
"378","16654702","13364","4.4","Good experience","2018-01-10 00:00:00"
"379","18366580","13970","5.0","Loved everything about this place","2020-10-30 00:00:00"
"380","18366580","13970","4.0","Would recommend","2021-06-26 00:00:00"
"381","6317637","11025","4.5","Clean and comfortable","2016-08-22 00:00:00"
"382","6304287","11025","4.7","Perfect experience","2016-02-16 00:00:00"
"383","16613059","10247","3.6","Nice place to dine","2022-08-30 00:00:00"
"384","6317637","9456","4.0","Good food and ambiance","2017-03-11 00:00:00"
"385","6317637","9456","4.3","Would recommend","2017-08-14 00:00:00"
"386","7417450","7756","4.3","Good experience","2023-02-15 00:00:00"
"387","18386856","7756","3.6","Good experience","2023-09-24 00:00:00"
"388","7417450","7756","4.8","Perfect experience","2023-07-21 00:00:00"
"389","17582669","11776","3.6","Tasty food","2020-03-29 00:00:00"
"390","17582467","11776","4.1","Nice place to dine","2020-03-04 00:00:00"
"391","17615979","5085","3.4","It was okay","2020-08-25 00:00:00"
"392","6318213","2093","4.8","Loved everything about this place","2019-07-30 00:00:00"
"393","3300949","7940","3.6","Tasty food","2024-05-04 00:00:00"
"394","16608864","13475","3.6","Good food and ambiance","2022-06-19 00:00:00"
"395","16608864","13475","4.1","Service was prompt","2023-02-28 00:00:00"
"396","7417450","5835","3.8","Enjoyed it","2022-09-27 00:00:00"
"397","18386856","5835","3.7","Good experience","2022-01-05 00:00:00"
"398","17482142","7873","2.3","Food was cold","2022-02-13 00:00:00"
"399","3001032","5768","4.1","Enjoyed it","2022-06-03 00:00:00"
"400","3600022","3170","3.1","Service was average","2017-11-17 00:00:00"
"401","3600022","3170","4.7","Perfect experience","2017-03-08 00:00:00"
"402","2500007","4585","4.9","Outstanding service","2023-06-28 00:00:00"
"403","2500122","4585","3.9","Clean and comfortable","2023-06-24 00:00:00"
"404","6300010","14328","4.1","Tasty food","2018-01-25 00:00:00"
"405","6300010","14328","3.6","Tasty food","2017-11-22 00:00:00"
"406","5701729","10577","4.7","Fantastic food","2021-10-18 00:00:00"
"407","6004011","1457","4.8","Fantastic food","2017-11-23 00:00:00"
"408","120519","11932","4.7","Delicious and fresh food","2017-06-12 00:00:00"
"409","4239","699","4.3","Enjoyed it","2023-05-05 00:00:00"
"410","307903","699","4.3","Clean and comfortable","2023-07-12 00:00:00"
"411","311523","699","2.9","Good for a quick meal","2023-04-06 00:00:00"
"412","1318","13792","4.8","Delicious and fresh food","2017-09-30 00:00:00"
"413","8590","13792","4.4","Enjoyed it","2018-01-18 00:00:00"
"414","300713","13792","4.5","Would recommend","2018-02-09 00:00:00"
"415","4000269","7138","4.7","Worth every penny","2017-12-04 00:00:00"
"416","16604911","4408","4.1","Nice place to dine","2015-11-28 00:00:00"
"417","16604911","4408","4.2","Would recommend","2016-03-08 00:00:00"
"418","2700241","546","4.2","Good experience","2017-03-21 00:00:00"
"419","2500123","10723","3.8","Would recommend","2021-11-01 00:00:00"
"420","2500023","10723","2.9","Service was average","2021-07-22 00:00:00"
"421","2500346","10723","3.3","Could be improved","2021-07-10 00:00:00"
"422","6314987","5757","4.8","Best place in town","2022-07-18 00:00:00"
"423","6309903","5757","3.7","Would recommend","2021-10-16 00:00:00"
"424","6309903","5757","3.5","Satisfied","2022-09-23 00:00:00"
"425","6100054","12382","4.6","Delicious and fresh food","2020-01-13 00:00:00"
"426","6114829","12382","4.7","Perfect experience","2019-10-17 00:00:00"
"427","6117859","12382","4.5","Clean and comfortable","2020-05-28 00:00:00"
"428","16608059","2697","3.7","Service was prompt","2016-06-20 00:00:00"
"429","16608059","2697","4.1","Nice place to dine","2016-07-03 00:00:00"
"430","16608059","2697","4.6","Perfect experience","2016-05-29 00:00:00"
"431","17334398","6355","4.6","Excellent service!","2017-04-08 00:00:00"
"432","17333882","6355","4.0","Satisfied","2017-06-23 00:00:00"
"433","17333882","6355","4.4","Tasty food","2017-12-09 00:00:00"
"434","16608209","12767","3.9","Nice place to dine","2016-06-23 00:00:00"
"435","16608209","12767","4.0","Would recommend","2016-08-14 00:00:00"
"436","16668008","3375","4.8","Highly recommended","2020-09-28 00:00:00"
"437","16668008","3375","4.8","Fantastic food","2021-05-03 00:00:00"
"438","18385021","8196","3.7","Nice place to dine","2017-01-24 00:00:00"
"439","2700223","11589","4.1","Clean and comfortable","2021-10-23 00:00:00"
"440","2700044","11589","4.0","Service was prompt","2021-12-24 00:00:00"
"441","17687832","1870","4.7","Worth every penny","2016-04-10 00:00:00"
"442","17687832","1870","3.5","Nice place to dine","2016-02-11 00:00:00"
"443","17678276","11451","4.4","Good food and ambiance","2023-02-06 00:00:00"
"444","17842104","4367","3.8","Service was prompt","2022-09-14 00:00:00"
"445","17842104","4367","3.0","Food was just fine","2022-06-10 00:00:00"
"446","17580422","8455","4.8","Excellent service!","2019-02-16 00:00:00"
"447","201340","6488","3.9","Service was prompt","2021-01-26 00:00:00"
"448","208965","6488","3.8","Service was prompt","2021-01-09 00:00:00"
"449","18381837","6488","3.7","Enjoyed it","2021-01-12 00:00:00"
"450","2600393","8118","4.5","Good food and ambiance","2024-01-07 00:00:00"
"451","2600079","8118","3.9","Service was prompt","2023-10-27 00:00:00"
"452","2300483","10909","3.8","Would recommend","2018-05-12 00:00:00"
"453","2300483","10909","4.5","Clean and comfortable","2018-03-08 00:00:00"
"454","2300018","10909","4.3","Nice place to dine","2018-02-05 00:00:00"
"455","16659169","13139","3.4","Not bad, not great","2017-06-20 00:00:00"
"456","16659169","13139","3.9","Would recommend","2017-02-17 00:00:00"
"457","16659169","13139","4.1","Clean and comfortable","2017-04-23 00:00:00"
"458","122940","12803","4.3","Service was prompt","2016-01-24 00:00:00"
"459","2800052","9483","4.1","Clean and comfortable","2018-11-21 00:00:00"
"460","2800903","9483","4.0","Nice place to dine","2018-09-27 00:00:00"
"461","17293890","6788","3.1","Decent place","2023-03-25 00:00:00"
"462","17294014","6788","4.7","Outstanding service","2022-05-14 00:00:00"
"463","16615894","2462","4.0","Satisfied","2016-04-20 00:00:00"
"464","17293873","6717","4.7","Loved everything about this place","2021-09-20 00:00:00"
"465","17293877","6717","4.6","Perfect experience","2021-11-02 00:00:00"
"466","17293229","3972","4.3","Clean and comfortable","2017-04-06 00:00:00"
"467","17141447","4709","5.2","Highly recommended","2016-04-03 00:00:00"
"468","17143282","4709","4.0","Satisfied","2016-03-16 00:00:00"
"469","17141990","4709","3.8","Clean and comfortable","2016-03-18 00:00:00"
"470","307903","5463","3.8","Enjoyed it","2016-11-06 00:00:00"
"471","2400148","2837","3.8","Clean and comfortable","2017-06-30 00:00:00"
"472","2400027","2837","3.5","Clean and comfortable","2017-10-15 00:00:00"
"473","17536645","7135","4.9","Will visit again!","2021-03-29 00:00:00"
"474","17536645","7135","4.0","Clean and comfortable","2021-02-10 00:00:00"
"475","17536645","7135","4.3","Nice place to dine","2021-04-11 00:00:00"
"476","18424018","11253","3.8","Would recommend","2023-01-08 00:00:00"
"477","18424018","11253","3.6","Satisfied","2022-09-14 00:00:00"
"478","18383076","13852","4.0","Service was prompt","2018-01-21 00:00:00"
"479","13231","13852","4.4","Enjoyed it","2018-04-19 00:00:00"
"480","18292672","13852","3.7","Service was prompt","2017-11-29 00:00:00"
"481","7301700","8007","4.6","Outstanding service","2020-05-09 00:00:00"
"482","7302859","8007","4.9","Will visit again!","2020-04-27 00:00:00"
"483","7302859","8007","3.8","Good experience","2019-12-28 00:00:00"
"484","1600292","13025","3.8","Nice place to dine","2016-07-29 00:00:00"
"485","1600095","13025","4.0","Would recommend","2016-09-13 00:00:00"
"486","17687832","10845","2.5","Mediocre food","2015-03-21 00:00:00"
"487","17687832","10845","3.8","Tasty food","2015-02-15 00:00:00"
"488","17687832","10845","3.7","Enjoyed it","2015-04-23 00:00:00"
"489","6502857","3301","4.9","Best place in town","2018-04-24 00:00:00"
"490","6501141","3301","4.1","Enjoyed it","2018-09-21 00:00:00"
"491","6515135","3301","3.9","Good experience","2018-06-27 00:00:00"
"492","17558738","12921","4.1","Tasty food","2017-12-16 00:00:00"
"493","16615894","1177","4.6","Outstanding service","2019-04-12 00:00:00"
"494","16615894","1177","3.7","Would recommend","2019-04-14 00:00:00"
"495","18185059","4452","4.8","Worth every penny","2018-12-01 00:00:00"
"496","17606621","3047","3.8","Good experience","2017-10-25 00:00:00"
"497","17259200","5520","3.7","Service was prompt","2018-04-23 00:00:00"
"498","17259200","5520","4.5","Satisfied","2017-09-04 00:00:00"
"499","17259340","5520","4.3","Nice place to dine","2018-01-04 00:00:00"
"500","96814","5980","3.6","Nice place to dine","2022-10-12 00:00:00"
"501","90499","5980","3.9","Clean and comfortable","2022-01-01 00:00:00"
"502","96814","5980","4.6","Delicious and fresh food","2021-12-21 00:00:00"
"503","17294607","13799","4.0","Clean and comfortable","2018-07-14 00:00:00"
"504","17295069","13799","3.8","Good experience","2017-08-04 00:00:00"
"505","17294712","13799","3.7","Enjoyed it","2018-07-19 00:00:00"
"506","3100142","4136","5.0","Best place in town","2018-01-06 00:00:00"
"507","3100448","4136","4.1","Satisfied","2018-07-21 00:00:00"
"508","3100148","4136","3.8","Service was prompt","2018-05-21 00:00:00"
"509","18168161","11383","4.7","Delicious and fresh food","2020-01-23 00:00:00"
"510","300756","11383","4.6","Delicious and fresh food","2020-04-27 00:00:00"
"511","7423620","6139","4.8","Loved everything about this place","2019-10-29 00:00:00"
"512","7423620","6139","4.4","Good experience","2019-12-18 00:00:00"
"513","7423620","6139","4.5","Good experience","2020-09-22 00:00:00"
"514","122003","12041","4.4","Tasty food","2018-10-30 00:00:00"
"515","123125","12041","4.0","Good food and ambiance","2018-07-18 00:00:00"
"516","6501534","12385","4.4","Good experience","2020-12-18 00:00:00"
"517","18339373","12385","4.8","Delicious and fresh food","2021-04-24 00:00:00"
"518","7006107","14123","4.4","Tasty food","2023-05-27 00:00:00"
"519","18419011","14123","4.6","Best place in town","2023-05-18 00:00:00"
"520","7003855","14123","3.6","Good experience","2022-12-18 00:00:00"
"521","17621696","14311","3.7","Service was prompt","2017-07-11 00:00:00"
"522","17621833","14311","4.8","Outstanding service","2017-07-27 00:00:00"
"523","17621763","14311","4.5","Clean and comfortable","2017-10-05 00:00:00"
"524","18441490","5504","3.6","Tasty food","2022-06-11 00:00:00"
"525","2400052","6759","3.6","Service was prompt","2016-03-09 00:00:00"
"526","18317988","6759","3.7","Good food and ambiance","2015-09-13 00:00:00"
"527","2400119","6759","4.9","Will visit again!","2016-06-11 00:00:00"
"528","18237384","14926","4.8","Loved everything about this place","2023-03-28 00:00:00"
"529","17559793","7696","3.9","Would recommend","2022-07-04 00:00:00"
"530","17559793","7696","2.4","Poor service","2022-12-24 00:00:00"
"531","18339373","8107","4.6","Excellent service!","2017-08-25 00:00:00"
"532","18339373","8107","3.8","Clean and comfortable","2017-12-23 00:00:00"
"533","17452342","7805","3.9","Clean and comfortable","2019-06-08 00:00:00"
"534","17452342","7805","5.0","Fantastic food","2020-04-01 00:00:00"
"535","17452342","7805","5.0","Loved everything about this place","2019-11-03 00:00:00"
"536","16608059","2351","3.7","Service was prompt","2023-12-05 00:00:00"
"537","16608059","2351","4.1","Service was prompt","2023-11-11 00:00:00"
"538","16608059","2351","4.1","Satisfied","2023-04-16 00:00:00"
"539","2300162","2471","3.8","Good experience","2022-11-06 00:00:00"
"540","2300009","2471","3.9","Nice place to dine","2022-05-31 00:00:00"
"541","2300497","2471","4.8","Outstanding service","2022-10-26 00:00:00"
"542","16604370","14452","4.6","Excellent service!","2021-10-29 00:00:00"
"543","16604370","14452","4.3","Enjoyed it","2021-08-24 00:00:00"
"544","6900714","9455","2.3","Not worth the price","2024-11-09 00:00:00"
"545","6900724","9455","3.6","Service was prompt","2024-07-23 00:00:00"
"546","6901394","9455","4.8","Outstanding service","2024-11-19 00:00:00"
"547","1600212","6517","4.3","Nice place to dine","2018-05-05 00:00:00"
"548","1600053","6517","4.7","Will visit again!","2018-03-20 00:00:00"
"549","1600292","6517","3.5","Good food and ambiance","2018-05-08 00:00:00"
"550","17482142","9017","3.6","Tasty food","2024-04-25 00:00:00"
"551","17482142","9017","4.6","Worth every penny","2024-09-30 00:00:00"
"552","16643459","11317","4.1","Tasty food","2016-09-18 00:00:00"
"553","16643459","11317","3.8","Tasty food","2017-06-13 00:00:00"
"554","16643459","11317","3.3","Food was just fine","2017-04-25 00:00:00"
"555","17842104","9340","4.3","Good experience","2018-05-27 00:00:00"
"556","16611498","2602","3.2","It was okay","2021-01-08 00:00:00"
"557","17558738","9815","4.4","Service was prompt","2024-05-09 00:00:00"
"558","17558738","9815","3.8","Good experience","2024-01-22 00:00:00"
"559","17534788","8476","3.9","Service was prompt","2024-06-10 00:00:00"
"560","17534788","8476","5.0","Will visit again!","2023-11-15 00:00:00"
"561","7304312","13297","3.4","Decent place","2015-10-07 00:00:00"
"562","7300004","13297","4.4","Nice place to dine","2015-07-25 00:00:00"
"563","7305048","13297","4.7","Delicious and fresh food","2015-09-08 00:00:00"
"564","17293897","1940","4.7","Outstanding service","2023-05-04 00:00:00"
"565","17536645","1592","3.9","Clean and comfortable","2015-12-10 00:00:00"
"566","17536645","1592","4.3","Good food and ambiance","2015-09-20 00:00:00"
"567","17536645","1592","3.8","Enjoyed it","2015-06-20 00:00:00"
"568","17536645","9453","4.6","Highly recommended","2021-07-13 00:00:00"
"569","17536645","9453","4.1","Enjoyed it","2021-03-30 00:00:00"
"570","17536645","9453","4.8","Loved everything about this place","2020-11-15 00:00:00"
"571","6517404","5123","3.3","Good for a quick meal","2020-05-16 00:00:00"
"572","17558738","11676","3.7","Good food and ambiance","2024-05-21 00:00:00"
"573","16612028","11520","3.7","Tasty food","2018-04-07 00:00:00"
"574","16612028","11520","3.4","Good for a quick meal","2017-09-12 00:00:00"
"575","17697406","3943","4.2","Enjoyed it","2017-02-23 00:00:00"
"576","17842104","9205","4.5","Clean and comfortable","2021-02-26 00:00:00"
"577","17842104","9205","4.5","Satisfied","2021-05-19 00:00:00"
"578","17842104","9205","5.0","Outstanding service","2021-06-07 00:00:00"
"579","17096198","8596","3.9","Enjoyed it","2017-01-19 00:00:00"
"580","3300061","12906","4.7","Delicious and fresh food","2016-11-25 00:00:00"
"581","3301013","12906","3.7","Clean and comfortable","2016-05-02 00:00:00"
"582","3300416","12906","3.7","Clean and comfortable","2017-01-01 00:00:00"
"583","3300058","13380","4.4","Good experience","2016-08-09 00:00:00"
"584","3300061","13380","4.0","Enjoyed it","2016-07-05 00:00:00"
"585","3300070","13380","3.6","Service was prompt","2017-01-14 00:00:00"
"586","17558738","3107","3.7","Clean and comfortable","2021-04-20 00:00:00"
"587","17558738","3107","3.7","Would recommend","2021-03-15 00:00:00"
"588","16611701","5223","3.6","Enjoyed it","2020-01-14 00:00:00"
"589","2300497","4780","3.5","Clean and comfortable","2016-03-14 00:00:00"
"590","2300476","4780","4.1","Service was prompt","2016-09-02 00:00:00"
"591","6300002","6442","3.7","Satisfied","2023-09-04 00:00:00"
"592","6314302","6442","3.7","Would recommend","2023-10-28 00:00:00"
"593","17211719","14151","3.7","Good food and ambiance","2020-06-20 00:00:00"
"594","17211719","14151","3.9","Service was prompt","2019-07-22 00:00:00"
"595","17694056","10078","4.4","Enjoyed it","2024-08-16 00:00:00"
"596","17694056","10078","3.7","Nice place to dine","2024-03-17 00:00:00"
"597","17694056","10078","3.8","Enjoyed it","2024-01-05 00:00:00"
"598","16668008","7357","4.0","Good experience","2016-09-21 00:00:00"
"599","16668008","7357","2.8","Neither impressed nor disappointed","2016-09-29 00:00:00"
"600","16668008","7357","3.7","Tasty food","2016-06-28 00:00:00"
"601","1402028","12754","4.8","Highly recommended","2019-12-09 00:00:00"
"602","16611498","11268","2.9","Good for a quick meal","2019-09-04 00:00:00"
"603","16612550","10170","4.3","Nice place to dine","2023-05-19 00:00:00"
"604","2700044","12973","4.7","Best place in town","2020-12-12 00:00:00"
"605","18255654","12865","4.8","Excellent service!","2016-06-02 00:00:00"
"606","6308205","12865","4.3","Nice place to dine","2016-05-30 00:00:00"
"607","18383095","8651","3.7","Would recommend","2020-01-29 00:00:00"
"608","13231","8651","4.0","Satisfied","2020-01-11 00:00:00"
"609","17558738","568","3.7","Good experience","2016-07-09 00:00:00"
"610","17558738","568","4.2","Nice place to dine","2016-07-25 00:00:00"
"611","17558738","568","4.6","Will visit again!","2016-04-17 00:00:00"
"612","1318","8391","4.8","Highly recommended","2020-12-24 00:00:00"
"613","18409175","8391","3.9","Nice place to dine","2021-09-04 00:00:00"
"614","18409175","8391","4.4","Would recommend","2021-01-28 00:00:00"
"615","900533","4330","4.2","Good food and ambiance","2020-10-22 00:00:00"
"616","16613507","9592","3.6","Good experience","2023-01-04 00:00:00"
"617","16659169","14816","4.5","Good experience","2021-11-02 00:00:00"
"618","16659169","14816","4.0","Good food and ambiance","2021-10-05 00:00:00"
"619","16659169","14816","4.6","Perfect experience","2021-10-04 00:00:00"
"620","7100478","2131","4.3","Clean and comfortable","2023-11-12 00:00:00"
"621","17606621","11455","3.2","Food was just fine","2019-08-11 00:00:00"
"622","17559793","5032","4.1","Would recommend","2023-01-13 00:00:00"
"623","17559793","5032","4.6","Will visit again!","2022-12-01 00:00:00"
"624","17559793","5032","3.0","Service was average","2022-09-11 00:00:00"
"625","18452267","7928","4.7","Delicious and fresh food","2023-11-04 00:00:00"
"626","17582558","6780","4.2","Would recommend","2018-04-15 00:00:00"
"627","17582551","6780","3.6","Tasty food","2018-03-05 00:00:00"
"628","18255631","12565","3.2","It was okay","2023-07-18 00:00:00"
"629","18255631","12565","4.9","Outstanding service","2023-04-16 00:00:00"
"630","2500390","1838","4.6","Highly recommended","2023-11-25 00:00:00"
"631","2500023","1838","3.7","Clean and comfortable","2023-09-05 00:00:00"
"632","17059012","13695","3.7","Satisfied","2016-02-04 00:00:00"
"633","17064031","13695","4.7","Will visit again!","2016-02-19 00:00:00"
"634","17060516","13695","4.7","Fantastic food","2015-11-11 00:00:00"
"635","16608209","6083","3.7","Satisfied","2019-08-27 00:00:00"
"636","120219","4353","3.8","Enjoyed it","2020-06-16 00:00:00"
"637","120014","4353","4.1","Tasty food","2020-02-12 00:00:00"
"638","120014","4353","4.4","Tasty food","2020-05-31 00:00:00"
"639","15132","4119","4.6","Excellent service!","2020-09-23 00:00:00"
"640","15078","4119","4.1","Service was prompt","2020-03-02 00:00:00"
"641","6517404","10489","3.7","Good experience","2023-01-07 00:00:00"
"642","3100033","6167","4.1","Satisfied","2021-01-27 00:00:00"